{
	"class_name" : "PinholeCameraParameters",
	"extrinsic" : 
	[
		-0.98246304474136426,
		0.053463130052911624,
		-0.17862827167745191,
		0.0,
		0.18402105834687579,
		0.12365908895621129,
		-0.97511264980176304,
		0.0,
		-0.030043565075134619,
		-0.99088350649481771,
		-0.13132882682073602,
		0.0,
		0.97148529220937108,
		3.4159487615765114,
		11.915334842679734,
		1.0
	],
	"intrinsic" : 
	{
		"height" : 1200,
		"intrinsic_matrix" : 
		[
			1039.2304845413264,
			0.0,
			0.0,
			0.0,
			1039.2304845413264,
			0.0,
			749.5,
			599.5,
			1.0
		],
		"width" : 1500
	},
	"version_major" : 1,
	"version_minor" : 0
}