{
	"class_name" : "PinholeCameraParameters",
	"extrinsic" : 
	[
		0.063643871600827712,
		0.37121293714497094,
		-0.92636408226132194,
		0.0,
		0.99796222279103641,
		-0.019425059514003262,
		0.060778852776696347,
		0.0,
		0.0045672190259780305,
		-0.92834456014945299,
		-0.37169277387553212,
		0.0,
		-0.83413295536856324,
		1.49451043737195,
		5.4283964497050849,
		1.0
	],
	"intrinsic" : 
	{
		"height" : 1000,
		"intrinsic_matrix" : 
		[
			866.02540378443871,
			0.0,
			0.0,
			0.0,
			866.02540378443871,
			0.0,
			500,
			500,
			1.0
		],
		"width" : 1000
	},
	"version_major" : 1,
	"version_minor" : 0
}